epoch,train_loss,val_macro_f1,val_macro_precision,val_macro_recall
1,0.5048462541723224,0.6500807410430678,0.6345843672456576,0.6832967218654951
2,0.3401554300036806,0.6288687235329704,0.6547128803477466,0.6142700236566407
3,0.21901440383255652,0.6783144912641316,0.7379388903779147,0.6500084488002703
4,0.1153691229472125,0.620541881643125,0.7053347654851414,0.5969077391010477
5,0.03918391471733217,0.6584443598528106,0.7068117068117068,0.6349273403176748
