epoch,train_loss,val_macro_f1,val_macro_precision,val_macro_recall
1,0.44498078011397746,0.9201245342724442,0.9210407979723653,0.9207312091503268
2,0.22616071507668672,0.9456869009584664,0.9461601307189542,0.9461601307189542
3,0.1332149525971143,0.9488562091503268,0.9488562091503268,0.9488562091503268
4,0.06416756569893918,0.942477333986768,0.9424254797876683,0.9426062091503268
5,0.03765249379543764,0.9456780292589303,0.9456557243181447,0.945874183006536
