epoch,train_loss,val_macro_f1,val_macro_precision,val_macro_recall
1,0.5231258187866934,0.46219931271477666,0.42971246006389774,0.5
2,0.4341012182053608,0.6682787753944442,0.6524193548387096,0.7634758364312267
3,0.39808134281791135,0.6485120718697361,0.6686169091292431,0.6351385603244339
4,0.3272484355266211,0.6941866145578897,0.6876572327044025,0.7016728624535316
5,0.2522308414412082,0.6390393100681909,0.6777568922305764,0.6198462318350795
6,0.21153999806275908,0.6628476302389346,0.6987632508833923,0.6425735045623522
