epoch,train_loss,val_macro_f1,val_macro_precision,val_macro_recall
1,0.4666277825387081,0.9264695367958735,0.929659277504105,0.9275531045751634
2,0.24358829591928194,0.942477333986768,0.9424254797876683,0.9426062091503268
3,0.14528485423345577,0.9456846833052621,0.9458350347080441,0.9460171568627451
4,0.09368120364471078,0.9360859266519643,0.9360351163740303,0.9362132352941177
5,0.054393848207488,0.9456669355579835,0.9480165560199983,0.9465890522875817
