epoch,train_loss,val_macro_f1,val_macro_precision,val_macro_recall
1,0.4466939008095985,0.9231461777705026,0.9247947454844007,0.9227124183006536
2,0.2629785955015852,0.9296945193171609,0.9315929565929566,0.9305351307189542
3,0.19097469659599703,0.9358133048970552,0.9403580583808815,0.9350694444444444
4,0.11404686523730626,0.9424867292772561,0.9425322554303446,0.942749183006536
5,0.07541417159545638,0.9456314052457877,0.9459918200408999,0.9454452614379085
6,0.04648152334076872,0.9552162537813752,0.9557824521198233,0.9549632352941176
7,0.03729843024637554,0.9456513967621674,0.9457338999673095,0.9455882352941176
