epoch,train_loss,val_macro_f1,val_macro_precision,val_macro_recall
1,0.4488157030103555,0.9194834593815917,0.9288883308220325,0.9185866013071895
2,0.2711524556260735,0.9456669355579835,0.9456219880748182,0.9457312091503267
3,0.1993513270147073,0.9392574434400695,0.9393388362209872,0.9391952614379084
4,0.13155590610035964,0.9392574434400695,0.9393388362209872,0.9391952614379084
