epoch,train_loss,val_macro_f1,val_macro_precision,val_macro_recall
1,0.489125976643377,0.6491573902288188,0.6388531388531389,0.6640757012504225
2,0.3636049426175289,0.6573572210503831,0.7291604197901049,0.6291399121324772
3,0.252252069229066,0.6912661406025825,0.7045454545454546,0.6805931057789794
4,0.16136760050094895,0.6951183599501642,0.7114669016842929,0.682451841838459
5,0.08540403677891854,0.7133699633699634,0.7344564781387886,0.6975329503210544
6,0.051669347275906795,0.6964256144584013,0.7262987012987012,0.6766644136532612
7,0.028173912675111316,0.6855023923444976,0.7175822953736655,0.6653007772896249
