epoch,train_loss,val_macro_f1,val_macro_precision,val_macro_recall
1,0.4858143838393833,0.46219931271477666,0.42971246006389774,0.5
2,0.3652591532533104,0.7133085183092004,0.699310595065312,0.7320462994254816
3,0.26172473423047293,0.6406429391504018,0.7056971514242878,0.6159175397093613
4,0.19348120424033954,0.7047169811320755,0.6838773936512016,0.7417624197363974
