epoch,train_loss,val_macro_f1,val_macro_precision,val_macro_recall
1,0.5935755570676563,0.6812781845512292,0.6599588878069891,0.7498310239945927
2,0.4775587331181593,0.7133085183092004,0.699310595065312,0.7320462994254816
3,0.32870491193865875,0.7152907980471144,0.6953489923929,0.7473386279148361
4,0.24645997527683614,0.6958854342683338,0.6958854342683338,0.6958854342683338
5,0.15137684791537226,0.6461459403905447,0.695993031358885,0.6235637039540385
