epoch,train_loss,val_macro_f1,val_macro_precision,val_macro_recall
1,0.45158974651998685,0.942279321367101,0.9457570509648688,0.9416053921568628
2,0.23303384010718783,0.9488812673526049,0.9491750387976803,0.9492851307189543
3,0.13666789954092867,0.9392574434400695,0.9425082101806239,0.9403390522875817
4,0.08381811709897623,0.9520747205634665,0.9522253981216824,0.9524101307189543
5,0.03949206955112187,0.9424914257716805,0.9427836314628768,0.9428921568627451
6,0.02645469789023997,0.9392872091717457,0.9392658827372203,0.9394812091503268
